dataset_name,column_index,column_name,inferred_data_type,total_rows,non_null_count,null_count,null_percentage,unique_count,unique_percentage,duplicate_count,min_value,max_value,mean,median,std_dev,distribution_summary,sample_values,data_quality_issues
esakshi_calamity_relief.csv,1,s_no,INTEGER,12,12,0,0.0,12,100.0,0,1,12,6.50,6.50,3.45,Min: 1 | Q1: 3.75 | Med: 6.50 | Q3: 9.25 | Max: 12,3 | 5 | 1 | 9,"Candidate Primary Key (100% unique, 0% null)"
esakshi_calamity_relief.csv,2,mp_name,STRING,12,12,0,0.0,10,83.33,2,Andimuthu Raja,Shri Gurjeet Singh Aujla,,,,Shafi Parambil: 2 (16.7%); Shri Nk Premachandran: 2 (16.7%); Shri Gurjeet Singh Aujla: 1 (8.3%); Gurmeet Singh Meet Hayer: 1 (8.3%); and 6 other distinct values,Shafi Parambil | Gurmeet Singh Meet Hayer | K Radhakrishnan | Andimuthu Raja,No quality anomalies detected (Clean)
esakshi_calamity_relief.csv,3,house_of_parliament,STRING,12,12,0,0.0,1,8.33,11,Lok Sabha,Lok Sabha,,,,Lok Sabha: 12 (100.0%),Lok Sabha,Single unique value across all rows
esakshi_calamity_relief.csv,4,tenure,STRING,12,12,0,0.0,1,8.33,11,18th Lok Sabha,18th Lok Sabha,,,,18th Lok Sabha: 12 (100.0%),18th Lok Sabha,Single unique value across all rows
esakshi_calamity_relief.csv,5,calamity_name,STRING,12,12,0,0.0,6,50.0,6,Flood 2025 in Punjab,Andhra Pradesh rainfall and consequent floods - 2024,,,,Flood 2025 in Punjab: 3 (25.0%); Meppadi landslides 2024: 3 (25.0%); Vilangad Landslides 2024: 2 (16.7%); Wayanad landslides 2024: 2 (16.7%); and 2 other distinct values,Natural Calamity Affected Area | Andhra Pradesh rainfall and consequent floods - 2024 | Flood 2025 in Punjab | Vilangad Landslides 2024,No quality anomalies detected (Clean)
esakshi_calamity_relief.csv,6,calamity_type,STRING,12,12,0,0.0,2,16.67,10,State Calamity,National Calamity,,,,National Calamity: 7 (58.3%); State Calamity: 5 (41.7%),State Calamity | National Calamity,No quality anomalies detected (Clean)
esakshi_calamity_relief.csv,7,consented_amount_inr,FLOAT,12,12,0,0.0,6,50.0,6,500000.00,10000000.00,3380616.67,2500000.00,2937619.70,Min: 500000.00 | Q1: 1000000.00 | Med: 2500000.00 | Q3: 3641850.00 | Max: 10000000.00,7067400.00 | 500000.00 | 2500000.00 | 10000000.00,No quality anomalies detected (Clean)
esakshi_calamity_relief.csv,8,consented_amount_lakhs,FLOAT,12,12,0,0.0,6,50.0,6,5.00,100.00,33.81,25.00,29.38,Min: 5.00 | Q1: 10.00 | Med: 25.00 | Q3: 36.42 | Max: 100.00,75.0 | 25.0 | 5.0 | 70.67,No quality anomalies detected (Clean)
esakshi_calamity_relief.csv,9,consent_date,DATE,12,12,0,0.0,11,91.67,1,01-Mar-2025,26-Mar-2025,,,,07-Dec-2024: 2 (16.7%); 07-Dec-2025: 1 (8.3%); 03-Nov-2025: 1 (8.3%); 10-Oct-2025: 1 (8.3%); and 7 other distinct values,07-Dec-2024 | 04-Dec-2024 | 10-Oct-2025 | 05-Feb-2025,No quality anomalies detected (Clean)
esakshi_calamity_relief.csv,10,tenure_start_date,DATE,12,12,0,0.0,2,16.67,10,"Jun 4, 2024 12:00:00 AM","Jun 5, 2024 12:00:00 AM",,,,"Jun 4, 2024 12:00:00 AM: 10 (83.3%); Jun 5, 2024 12:00:00 AM: 2 (16.7%)","Jun 4, 2024 12:00:00 AM | Jun 5, 2024 12:00:00 AM",No quality anomalies detected (Clean)
esakshi_calamity_relief.csv,11,tenure_end_date,DATE,12,12,0,0.0,1,8.33,11,"Jun 3, 2029 11:59:59 PM","Jun 3, 2029 11:59:59 PM",,,,"Jun 3, 2029 11:59:59 PM: 12 (100.0%)","Jun 3, 2029 11:59:59 PM",Single unique value across all rows
esakshi_constituencies.csv,1,constituency_id,INTEGER,543,543,0,0.0,543,100.0,0,1,548,274.24,274.00,157.45,Min: 1 | Q1: 138.50 | Med: 274.00 | Q3: 410.50 | Max: 548,231 | 127 | 38 | 32,"Candidate Primary Key (100% unique, 0% null)"
esakshi_constituencies.csv,2,state_id,INTEGER,543,543,0,0.0,36,6.63,507,1,130,25.55,25.00,21.91,Min: 1 | Q1: 16.00 | Med: 25.00 | Q3: 33.00 | Max: 130,3 | 5 | 23 | 30,No quality anomalies detected (Clean)
esakshi_constituencies.csv,3,state_name,STRING,543,543,0,0.0,36,6.63,507,Goa,The Dadra And Nagar Haveli And Daman And Diu,,,,Uttar Pradesh: 80 (14.7%); Maharashtra: 48 (8.8%); West Bengal: 42 (7.7%); Bihar: 40 (7.4%); and 32 other distinct values,Karnataka | Tamil Nadu | Jammu And Kashmir | Ladakh,No quality anomalies detected (Clean)
esakshi_constituencies.csv,4,constituency_name,STRING,543,543,0,0.0,543,100.0,0,Agra,Andaman And Nicobar Islands,,,,Andaman And Nicobar Islands: 1 (0.2%); Anakapalle: 1 (0.2%); Hindupur: 1 (0.2%); Vijayawada: 1 (0.2%); and 539 other distinct values,Hathras | Bhagalpur | Nizamabad | Sivaganga,"Candidate Primary Key (100% unique, 0% null)"
esakshi_constituencies.csv,5,raw_caption,STRING,543,543,0,0.0,543,100.0,0,ASKA,ANDAMAN AND NICOBAR ISLANDS,,,,ANDAMAN AND NICOBAR ISLANDS: 1 (0.2%); ANAKAPALLE: 1 (0.2%); HINDUPUR: 1 (0.2%); VIJAYAWADA: 1 (0.2%); and 539 other distinct values,RAJGARH | BEGUSARAI | HARDOI (SC) | PATHANAMTHITTA,"Candidate Primary Key (100% unique, 0% null)"
esakshi_constituencies.csv,6,reservation_category,STRING,543,543,0,0.0,3,0.55,540,SC,General,,,,General: 417 (76.8%); SC: 82 (15.1%); ST: 44 (8.1%),SC | ST | General,No quality anomalies detected (Clean)
esakshi_national_summary.csv,1,metric_key,STRING,6,6,0,0.0,6,100.0,0,Works Completed,Expenditure on Completed and On-going Works as on Date,,,,Allocated Limit for Hon'ble MPs: 1 (16.7%); Expenditure on Completed and On-going Works as on Date: 1 (16.7%); Works Recommended: 1 (16.7%); Works Completed: 1 (16.7%); and 2 other distinct values,Works Recommended | Expenditure on Completed and On-going Works as on Date | Allocated Limit for Hon'ble MPs | Amount consented for Calamity,"Candidate Primary Key (100% unique, 0% null)"
esakshi_national_summary.csv,2,metric_description,STRING,6,6,0,0.0,6,100.0,0,Works Completed,Expenditure on Completed and On-going Works as on Date,,,,Allocated Limit for Hon'ble MPs: 1 (16.7%); Expenditure on Completed and On-going Works as on Date: 1 (16.7%); Works Recommended: 1 (16.7%); Works Completed: 1 (16.7%); and 2 other distinct values,Works Recommended | Expenditure on Completed and On-going Works as on Date | Allocated Limit for Hon'ble MPs | Amount consented for Calamity,"Candidate Primary Key (100% unique, 0% null)"
esakshi_national_summary.csv,3,count_works,INTEGER,6,4,2,33.33,4,100.0,0,12,107539,55504.00,57232.50,41236.90,Min: 12 | Q1: 26082.00 | Med: 57232.50 | Q3: 86654.50 | Max: 107539,107539 | 79693 | 12 | 34772,Moderate missingness (33.33% null)
esakshi_national_summary.csv,4,amount_inr,FLOAT,6,6,0,0.0,6,100.0,0,40567400.00,83336673298.01,37999382067.09,34956229731.84,27199271171.82,Min: 40567400.00 | Q1: 19770893726.66 | Med: 34956229731.84 | Q3: 53737165319.89 | Max: 83336673298.01,27913744688.45 | 41998714775.23 | 57649982168.11 | 40567400.00,"Candidate Primary Key (100% unique, 0% null)"
esakshi_national_summary.csv,5,amount_crores,FLOAT,6,6,0,0.0,6,100.0,0,4.06,8333.67,3799.94,3495.62,2719.93,Min: 4.06 | Q1: 1977.09 | Med: 3495.62 | Q3: 5373.72 | Max: 8333.67,4.06 | 2791.37 | 8333.67 | 1705.66,"Candidate Primary Key (100% unique, 0% null)"
esakshi_states.csv,1,state_id,INTEGER,36,36,0,0.0,36,100.0,0,1,130,25.33,20.50,27.15,Min: 1 | Q1: 11.75 | Med: 20.50 | Q3: 29.25 | Max: 130,3 | 5 | 23 | 30,"Candidate Primary Key (100% unique, 0% null)"
esakshi_states.csv,2,state_name,STRING,36,36,0,0.0,36,100.0,0,Goa,The Dadra And Nagar Haveli And Daman And Diu,,,,Andaman And Nicobar Islands: 1 (2.8%); Andhra Pradesh: 1 (2.8%); Arunachal Pradesh: 1 (2.8%); Assam: 1 (2.8%); and 32 other distinct values,Karnataka | Tamil Nadu | Jammu And Kashmir | Ladakh,"Candidate Primary Key (100% unique, 0% null)"
esakshi_states.csv,3,category,STRING,36,36,0,0.0,2,5.56,34,State,Union Territory,,,,State: 28 (77.8%); Union Territory: 8 (22.2%),State | Union Territory,No quality anomalies detected (Clean)
financials.csv,1,project_id,STRING,20,20,0,0.0,20,100.0,0,MPLADS-2024-0001,MPLADS-2024-0020,,,,MPLADS-2024-0001: 1 (5.0%); MPLADS-2024-0002: 1 (5.0%); MPLADS-2024-0003: 1 (5.0%); MPLADS-2024-0004: 1 (5.0%); and 16 other distinct values,MPLADS-2024-0009 | MPLADS-2024-0020 | MPLADS-2024-0001 | MPLADS-2024-0005,"Candidate Primary Key (100% unique, 0% null)"
financials.csv,2,currency,STRING,20,20,0,0.0,1,5.0,19,INR,INR,,,,INR: 20 (100.0%),INR,Single unique value across all rows
financials.csv,3,recommended_amount,FLOAT,20,20,0,0.0,16,80.0,4,800000.00,5000000.00,2640000.00,2350000.00,1226947.43,Min: 800000.00 | Q1: 1575000.00 | Med: 2350000.00 | Q3: 3625000.00 | Max: 5000000.00,2000000.0 | 3000000.0 | 2200000.0 | 1800000.0,No quality anomalies detected (Clean)
financials.csv,4,sanctioned_amount,FLOAT,20,20,0,0.0,16,80.0,4,800000.00,4800000.00,2570000.00,2250000.00,1165804.44,Min: 800000.00 | Q1: 1575000.00 | Med: 2250000.00 | Q3: 3350000.00 | Max: 4800000.00,2000000.0 | 3000000.0 | 1800000.0 | 1500000.0,No quality anomalies detected (Clean)
financials.csv,5,released_amount,FLOAT,20,20,0,0.0,15,75.0,5,800000.00,4000000.00,1697500.00,1500000.00,753072.87,Min: 800000.00 | Q1: 1150000.00 | Med: 1500000.00 | Q3: 2025000.00 | Max: 4000000.00,2000000.0 | 1400000.0 | 1800000.0 | 1500000.0,No quality anomalies detected (Clean)
financials.csv,6,expenditure_amount,FLOAT,20,20,0,0.0,20,100.0,0,100000.00,3950000.00,1296000.00,1290000.00,898144.75,Min: 100000.00 | Q1: 710000.00 | Med: 1290000.00 | Q3: 1562500.00 | Max: 3950000.00,1500000.0 | 100000.0 | 300000.0 | 800000.0,"Candidate Primary Key (100% unique, 0% null)"
financials.csv,7,utilization_rate_pct,FLOAT,20,20,0,0.0,18,90.0,2,12.50,98.75,70.63,87.50,29.70,Min: 12.50 | Q1: 45.53 | Med: 87.50 | Q3: 97.68 | Max: 98.75,98.21 | 96.67 | 90.0 | 97.5,No quality anomalies detected (Clean)
financials.csv,8,cost_overrun_amount,FLOAT,20,20,0,0.0,2,10.0,18,0.00,50000.00,5000.00,0.00,15000.00,Min: 0.00 | Q1: 0.00 | Med: 0.00 | Q3: 0.00 | Max: 50000.00,50000.0 | 0.0,No quality anomalies detected (Clean)
financials.csv,9,cost_overrun_pct,FLOAT,20,20,0,0.0,3,15.0,17,0.00,1.32,0.13,0.00,0.38,Min: 0.00 | Q1: 0.00 | Med: 0.00 | Q3: 0.00 | Max: 1.32,1.32 | 1.19 | 0.0,No quality anomalies detected (Clean)
financials.csv,10,last_disbursement_date,DATE,20,20,0,0.0,20,100.0,0,2024-07-10,2024-09-28,,,,2024-07-25: 1 (5.0%); 2024-08-20: 1 (5.0%); 2024-09-05: 1 (5.0%); 2024-07-15: 1 (5.0%); and 16 other distinct values,2024-09-15 | 2024-08-01 | 2024-09-12 | 2024-08-28,"Candidate Primary Key (100% unique, 0% null)"
master_dim_states_constituencies.csv,1,state_id,INTEGER,36,36,0,0.0,36,100.0,0,1,130,25.33,20.50,27.15,Min: 1 | Q1: 11.75 | Med: 20.50 | Q3: 29.25 | Max: 130,3 | 5 | 23 | 30,"Candidate Primary Key (100% unique, 0% null)"
master_dim_states_constituencies.csv,2,state_name,STRING,36,36,0,0.0,36,100.0,0,Goa,The Dadra And Nagar Haveli And Daman And Diu,,,,Andaman And Nicobar Islands: 1 (2.8%); Andhra Pradesh: 1 (2.8%); Arunachal Pradesh: 1 (2.8%); Assam: 1 (2.8%); and 32 other distinct values,Karnataka | Tamil Nadu | Jammu And Kashmir | Ladakh,"Candidate Primary Key (100% unique, 0% null)"
master_dim_states_constituencies.csv,3,category,STRING,36,36,0,0.0,2,5.56,34,State,Union Territory,,,,State: 28 (77.8%); Union Territory: 8 (22.2%),State | Union Territory,No quality anomalies detected (Clean)
master_dim_states_constituencies.csv,4,total_lok_sabha_seats,INTEGER,36,36,0,0.0,21,58.33,15,1,80,15.08,8.50,17.49,Min: 1 | Q1: 2.00 | Med: 8.50 | Q3: 25.00 | Max: 80,5 | 42 | 10 | 7,No quality anomalies detected (Clean)
master_dim_states_constituencies.csv,5,general_seats,INTEGER,36,36,0,0.0,21,58.33,15,0,63,11.58,6.00,13.81,Min: 0 | Q1: 1.00 | Med: 6.00 | Q3: 18.25 | Max: 63,3 | 5 | 30 | 32,No quality anomalies detected (Clean)
master_dim_states_constituencies.csv,6,sc_reserved_seats,INTEGER,36,36,0,0.0,10,27.78,26,0,17,2.28,1.00,3.44,Min: 0 | Q1: 0.00 | Med: 1.00 | Q3: 3.25 | Max: 17,3 | 5 | 0 | 1,No quality anomalies detected (Clean)
master_dim_states_constituencies.csv,7,st_reserved_seats,INTEGER,36,36,0,0.0,7,19.44,29,0,6,1.22,0.00,1.73,Min: 0 | Q1: 0.00 | Med: 0.00 | Q3: 2.00 | Max: 6,3 | 5 | 0 | 1,No quality anomalies detected (Clean)
master_dim_states_constituencies.csv,8,statutory_sc_allocation_pct,FLOAT,36,36,0,0.0,1,2.78,35,15.00,15.00,15.00,15.00,0.00,Min: 15.00 | Q1: 15.00 | Med: 15.00 | Q3: 15.00 | Max: 15.00,15.0,Constant column (zero variance); Single unique value across all rows
master_dim_states_constituencies.csv,9,statutory_st_allocation_pct,FLOAT,36,36,0,0.0,1,2.78,35,7.50,7.50,7.50,7.50,0.00,Min: 7.50 | Q1: 7.50 | Med: 7.50 | Q3: 7.50 | Max: 7.50,7.5,Constant column (zero variance); Single unique value across all rows
master_dim_states_constituencies.csv,10,cumulative_released_cr,FLOAT,36,36,0,0.0,32,88.89,4,140.00,13910.00,2650.56,1585.00,3022.41,Min: 140.00 | Q1: 343.75 | Med: 1585.00 | Q3: 4308.75 | Max: 13910.00,13910.00 | 7180.00 | 385.00 | 790.00,No quality anomalies detected (Clean)
master_dim_states_constituencies.csv,11,cumulative_expenditure_cr,FLOAT,36,36,0,0.0,36,100.0,0,131.20,13120.80,2533.18,1525.50,2870.06,Min: 131.20 | Q1: 325.23 | Med: 1525.50 | Q3: 4153.01 | Max: 13120.80,2225.10 | 4760.30 | 381.25 | 765.20,"Candidate Primary Key (100% unique, 0% null)"
master_dim_states_constituencies.csv,12,unspent_balance_cr,FLOAT,36,36,0,0.0,36,100.0,0,2.20,789.20,117.37,69.50,162.12,Min: 2.20 | Q1: 10.07 | Med: 69.50 | Q3: 155.74 | Max: 789.20,64.60 | 369.70 | 2.20 | 159.70,"Candidate Primary Key (100% unique, 0% null)"
master_dim_states_constituencies.csv,13,utilization_pct,FLOAT,36,36,0,0.0,34,94.44,2,92.11,98.53,96.04,96.29,1.36,Min: 92.11 | Q1: 95.37 | Med: 96.29 | Q3: 96.88 | Max: 98.53,96.39 | 92.11 | 96.86 | 96.1,No quality anomalies detected (Clean)
master_dim_states_constituencies.csv,14,works_completed_count,INTEGER,36,36,0,0.0,36,100.0,0,2390,241200,47900.83,30350.00,53069.40,Min: 2390 | Q1: 5790.00 | Med: 30350.00 | Q3: 79790.00 | Max: 241200,6450 | 4350 | 34500 | 43800,"Candidate Primary Key (100% unique, 0% null)"
parliament_qa_state_expenditure.csv,1,state_id,INTEGER,36,36,0,0.0,36,100.0,0,1,38,19.11,18.50,11.13,Min: 1 | Q1: 9.75 | Med: 18.50 | Q3: 29.25 | Max: 38,3 | 5 | 23 | 38,"Candidate Primary Key (100% unique, 0% null)"
parliament_qa_state_expenditure.csv,2,state_name,STRING,36,36,0,0.0,36,100.0,0,Goa,Dadra & Nagar Haveli and Daman & Diu,,,,Andhra Pradesh: 1 (2.8%); Arunachal Pradesh: 1 (2.8%); Assam: 1 (2.8%); Bihar: 1 (2.8%); and 32 other distinct values,Karnataka | Tamil Nadu | Jammu And Kashmir | Ladakh,"Candidate Primary Key (100% unique, 0% null)"
parliament_qa_state_expenditure.csv,3,entitlement_cr,FLOAT,36,36,0,0.0,25,69.44,11,155.00,14820.00,2807.64,1670.00,3204.09,Min: 155.00 | Q1: 376.25 | Med: 1670.00 | Q3: 4582.50 | Max: 14820.00,7180.00 | 7240.00 | 2450.00 | 7620.00,No quality anomalies detected (Clean)
parliament_qa_state_expenditure.csv,4,released_cr,FLOAT,36,36,0,0.0,32,88.89,4,140.00,13910.00,2650.56,1585.00,3022.41,Min: 140.00 | Q1: 343.75 | Med: 1585.00 | Q3: 4308.75 | Max: 13910.00,13910.00 | 7180.00 | 385.00 | 790.00,No quality anomalies detected (Clean)
parliament_qa_state_expenditure.csv,5,expenditure_cr,FLOAT,36,36,0,0.0,36,100.0,0,131.20,13120.80,2533.18,1525.50,2870.06,Min: 131.20 | Q1: 325.23 | Med: 1525.50 | Q3: 4153.01 | Max: 13120.80,2225.10 | 4760.30 | 381.25 | 765.20,"Candidate Primary Key (100% unique, 0% null)"
parliament_qa_state_expenditure.csv,6,unspent_balance_cr,FLOAT,36,36,0,0.0,36,100.0,0,2.20,789.20,117.37,69.50,162.12,Min: 2.20 | Q1: 10.07 | Med: 69.50 | Q3: 155.74 | Max: 789.20,369.70 | 64.60 | 2.20 | 159.70,"Candidate Primary Key (100% unique, 0% null)"
parliament_qa_state_expenditure.csv,7,utilization_rate_pct,FLOAT,36,36,0,0.0,34,94.44,2,92.11,98.53,96.04,96.29,1.36,Min: 92.11 | Q1: 95.37 | Med: 96.29 | Q3: 96.88 | Max: 98.53,96.39 | 92.11 | 96.86 | 96.1,No quality anomalies detected (Clean)
parliament_qa_state_expenditure.csv,8,works_recommended,INTEGER,36,36,0,0.0,36,100.0,0,2600,284500,54378.33,33650.00,61106.74,Min: 2600 | Q1: 6412.50 | Med: 33650.00 | Q3: 89362.50 | Max: 284500,3100 | 38900 | 148200 | 42100,"Candidate Primary Key (100% unique, 0% null)"
parliament_qa_state_expenditure.csv,9,works_sanctioned,INTEGER,36,36,0,0.0,35,97.22,1,2480,259800,50720.83,31600.00,56547.33,Min: 2480 | Q1: 6015.00 | Med: 31600.00 | Q3: 83282.50 | Max: 259800,6420 | 46100 | 4750 | 93200,No quality anomalies detected (Clean)
parliament_qa_state_expenditure.csv,10,works_completed,INTEGER,36,36,0,0.0,36,100.0,0,2390,241200,47900.83,30350.00,53069.40,Min: 2390 | Q1: 5790.00 | Med: 30350.00 | Q3: 79790.00 | Max: 241200,6450 | 4350 | 34500 | 43800,"Candidate Primary Key (100% unique, 0% null)"
parliament_qa_state_expenditure.csv,11,sanction_rate_pct,FLOAT,36,36,0,0.0,34,94.44,2,89.22,96.94,93.73,93.73,1.58,Min: 89.22 | Q1: 93.00 | Med: 93.73 | Q3: 94.76 | Max: 96.94,95.99 | 94.62 | 91.03 | 92.83,No quality anomalies detected (Clean)
parliament_qa_state_expenditure.csv,12,completion_rate_pct,FLOAT,36,36,0,0.0,36,100.0,0,90.38,97.99,94.85,95.22,1.79,Min: 90.38 | Q1: 93.41 | Med: 95.22 | Q3: 96.27 | Max: 97.99,94.93 | 92.2 | 92.84 | 93.43,"Candidate Primary Key (100% unique, 0% null)"
progress.csv,1,project_id,STRING,20,20,0,0.0,20,100.0,0,MPLADS-2024-0001,MPLADS-2024-0020,,,,MPLADS-2024-0001: 1 (5.0%); MPLADS-2024-0002: 1 (5.0%); MPLADS-2024-0003: 1 (5.0%); MPLADS-2024-0004: 1 (5.0%); and 16 other distinct values,MPLADS-2024-0009 | MPLADS-2024-0020 | MPLADS-2024-0001 | MPLADS-2024-0005,"Candidate Primary Key (100% unique, 0% null)"
progress.csv,2,reported_date,DATE,20,20,0,0.0,1,5.0,19,2024-11-15,2024-11-15,,,,2024-11-15: 20 (100.0%),2024-11-15,Single unique value across all rows
progress.csv,3,physical_progress_pct,FLOAT,20,20,0,0.0,4,20.0,16,10.00,100.00,70.50,65.00,29.19,Min: 10.00 | Q1: 65.00 | Med: 65.00 | Q3: 100.00 | Max: 100.00,100.0 | 35.0 | 65.0 | 10.0,No quality anomalies detected (Clean)
progress.csv,4,financial_progress_pct,FLOAT,20,20,0,0.0,18,90.0,2,12.50,98.75,70.63,87.50,29.70,Min: 12.50 | Q1: 45.53 | Med: 87.50 | Q3: 97.68 | Max: 98.75,98.21 | 96.67 | 90.0 | 97.5,No quality anomalies detected (Clean)
progress.csv,5,current_stage,STRING,20,20,0,0.0,4,20.0,16,Completed,Contract Awarded,,,,Completed: 8 (40.0%); Structure: 8 (40.0%); Foundation: 2 (10.0%); Contract Awarded: 2 (10.0%),Structure | Contract Awarded | Foundation | Completed,No quality anomalies detected (Clean)
progress.csv,6,days_delayed,INTEGER,20,20,0,0.0,2,10.0,18,0,95,9.50,0.00,28.50,Min: 0 | Q1: 0.00 | Med: 0.00 | Q3: 0.00 | Max: 95,95 | 0,No quality anomalies detected (Clean)
progress.csv,7,milestone_status,STRING,20,20,0,0.0,3,15.0,17,Critical,Completed,,,,On Track: 10 (50.0%); Completed: 8 (40.0%); Critical: 2 (10.0%),On Track | Completed | Critical,No quality anomalies detected (Clean)
progress.csv,8,inspected_by,STRING,20,20,0,0.0,1,5.0,19,District Executive Engineer,District Executive Engineer,,,,District Executive Engineer: 20 (100.0%),District Executive Engineer,Single unique value across all rows
progress.csv,9,inspection_date,DATE,20,20,0,0.0,1,5.0,19,2024-11-10,2024-11-10,,,,2024-11-10: 20 (100.0%),2024-11-10,Single unique value across all rows
progress.csv,10,inspection_remarks,STRING,20,20,0,0.0,4,20.0,16,Site inspected. Physical execution at 10.0%. Milestone: On Track.,Site inspected. Physical execution at 100.0%. Milestone: Completed.,,,,Site inspected. Physical execution at 100.0%. Milestone: Completed.: 8 (40.0%); Site inspected. Physical execution at 65.0%. Milestone: On Track.: 8 (40.0%); Site inspected. Physical execution at 35.0%. Milestone: Critical.: 2 (10.0%); Site inspected. Physical execution at 10.0%. Milestone: On Track.: 2 (10.0%),Site inspected. Physical execution at 65.0%. Milestone: On Track. | Site inspected. Physical execution at 35.0%. Milestone: Critical. | Site inspected. Physical execution at 100.0%. Milestone: Completed. | Site inspected. Physical execution at 10.0%. Milestone: On Track.,No quality anomalies detected (Clean)
progress.csv,11,geo_latitude,FLOAT,20,20,0,0.0,20,100.0,0,20.59,28.19,24.39,24.39,2.31,Min: 20.59 | Q1: 22.49 | Med: 24.39 | Q3: 26.29 | Max: 28.19,27.7937 | 26.1937 | 24.1937 | 28.1937,"Candidate Primary Key (100% unique, 0% null)"
progress.csv,12,geo_longitude,FLOAT,20,20,0,0.0,20,100.0,0,78.96,86.56,82.76,82.76,2.31,Min: 78.96 | Q1: 80.86 | Med: 82.76 | Q3: 84.66 | Max: 86.56,80.9629 | 83.3629 | 86.1629 | 84.1629,"Candidate Primary Key (100% unique, 0% null)"
progress.csv,13,photo_evidence_url,STRING,20,20,0,0.0,20,100.0,0,https://mplads.gov.in/photos/MPLADS-2024-0001_inspection.jpg,https://mplads.gov.in/photos/MPLADS-2024-0020_inspection.jpg,,,,https://mplads.gov.in/photos/MPLADS-2024-0001_inspection.jpg: 1 (5.0%); https://mplads.gov.in/photos/MPLADS-2024-0002_inspection.jpg: 1 (5.0%); https://mplads.gov.in/photos/MPLADS-2024-0003_inspection.jpg: 1 (5.0%); https://mplads.gov.in/photos/MPLADS-2024-0004_inspection.jpg: 1 (5.0%); and 16 other distinct values,https://mplads.gov.in/photos/MPLADS-2024-0008_inspection.jpg | https://mplads.gov.in/photos/MPLADS-2024-0012_inspection.jpg | https://mplads.gov.in/photos/MPLADS-2024-0010_inspection.jpg | https://mplads.gov.in/photos/MPLADS-2024-0013_inspection.jpg,"Candidate Primary Key (100% unique, 0% null)"
project_history.csv,1,project_id,STRING,68,68,0,0.0,20,29.41,48,MPLADS-2024-0001,MPLADS-2024-0020,,,,MPLADS-2024-0001: 4 (5.9%); MPLADS-2024-0004: 4 (5.9%); MPLADS-2024-0006: 4 (5.9%); MPLADS-2024-0008: 4 (5.9%); and 16 other distinct values,MPLADS-2024-0009 | MPLADS-2024-0020 | MPLADS-2024-0001 | MPLADS-2024-0005,No quality anomalies detected (Clean)
project_history.csv,2,event_type,STRING,68,68,0,0.0,4,5.88,64,Created,Work Order Issued,,,,Created: 20 (29.4%); Sanctioned: 20 (29.4%); Work Order Issued: 20 (29.4%); Completed: 8 (11.8%),Created | Work Order Issued | Sanctioned | Completed,No quality anomalies detected (Clean)
project_history.csv,3,previous_status,STRING,68,48,20,29.41,3,6.25,45,Sanctioned,Recommended,,,,Recommended: 20 (41.7%); Sanctioned: 20 (41.7%); In Progress: 8 (16.7%),Recommended | Sanctioned | In Progress,Moderate missingness (29.41% null)
project_history.csv,4,new_status,STRING,68,68,0,0.0,4,5.88,64,Completed,Work Order Issued,,,,Recommended: 20 (29.4%); Sanctioned: 20 (29.4%); Work Order Issued: 20 (29.4%); Completed: 8 (11.8%),Recommended | Work Order Issued | Sanctioned | Completed,No quality anomalies detected (Clean)
project_history.csv,5,event_timestamp,STRING,68,68,0,0.0,67,98.53,1,2024-06-02 10:00:00+05:30,2024-11-20 16:00:00+05:30,,,,2024-07-10 14:30:00+05:30: 2 (2.9%); 2024-06-15 10:00:00+05:30: 1 (1.5%); 2024-07-25 11:15:00+05:30: 1 (1.5%); 2024-11-20 16:00:00+05:30: 1 (1.5%); and 63 other distinct values,2024-07-18 11:15:00+05:30 | 2024-11-10 16:00:00+05:30 | 2024-09-05 14:30:00+05:30 | 2024-08-05 14:30:00+05:30,No quality anomalies detected (Clean)
project_history.csv,6,performed_by,STRING,68,68,0,0.0,23,33.82,45,Hon MP (Durg),District Authority / Collector,,,,District Authority / Collector: 20 (29.4%); Executive Engineer (DRDA): 20 (29.4%); District Executive Engineer: 8 (11.8%); Hon MP (Maldaha Uttar): 1 (1.5%); and 19 other distinct values,Hon MP (Medinipur) | Hon MP (Karnal) | Hon MP (Rae Bareli) | Hon MP (Valmiki Nagar),No quality anomalies detected (Clean)
project_history.csv,7,event_description,STRING,68,68,0,0.0,38,55.88,30,Tender finalized and work order issued to executing agency.,Work recommended by MP for Piped Water Supply Pipeline Extension to SC Habitation under financial year 2024-25.,,,,"Tender finalized and work order issued to executing agency.: 20 (29.4%); Final completion certificate and asset geo-tagging submitted.: 8 (11.8%); Administrative and financial sanction accorded for Rs. 1,500,000.00.: 2 (2.9%); Administrative and financial sanction accorded for Rs. 1,800,000.00.: 2 (2.9%); and 34 other distinct values","Tender finalized and work order issued to executing agency. | Work recommended by MP for Construction of Science Laboratory & Library Block under financial year 2024-25. | Administrative and financial sanction accorded for Rs. 1,800,000.00. | Work recommended by MP for Solid Waste Segregation Shed & Equipment under financial year 2024-25.",No quality anomalies detected (Clean)
project_history.csv,8,metadata_json,STRING,68,68,0,0.0,64,94.12,4,"{""source"": ""e-SAKSHI MP Portal"", ""rec_amount"": 800000.0}","{""completion_cert_no"": ""CC/2024/019"", ""final_expenditure"": 1480000.0}",,,,"{""source"": ""e-SAKSHI MP Portal"", ""rec_amount"": 1500000.0}: 2 (2.9%); {""source"": ""e-SAKSHI MP Portal"", ""rec_amount"": 4500000.0}: 2 (2.9%); {""source"": ""e-SAKSHI MP Portal"", ""rec_amount"": 1800000.0}: 2 (2.9%); {""source"": ""e-SAKSHI MP Portal"", ""rec_amount"": 4000000.0}: 2 (2.9%); and 60 other distinct values","{""work_order_no"": ""WO/0012"", ""stipulated_time_months"": 6} | {""work_order_no"": ""WO/0002"", ""stipulated_time_months"": 6} | {""sanction_order"": ""DRDA/2024/SANC/002"", ""amount"": 2500000.0} | {""source"": ""e-SAKSHI MP Portal"", ""rec_amount"": 4000000.0}",No quality anomalies detected (Clean)
projects.csv,1,project_id,STRING,20,20,0,0.0,20,100.0,0,MPLADS-2024-0001,MPLADS-2024-0020,,,,MPLADS-2024-0001: 1 (5.0%); MPLADS-2024-0002: 1 (5.0%); MPLADS-2024-0003: 1 (5.0%); MPLADS-2024-0004: 1 (5.0%); and 16 other distinct values,MPLADS-2024-0009 | MPLADS-2024-0020 | MPLADS-2024-0001 | MPLADS-2024-0005,"Candidate Primary Key (100% unique, 0% null)"
projects.csv,2,project_code,STRING,20,20,0,0.0,20,100.0,0,PRJ-01-326-005,PRJ-36-200-010,,,,PRJ-34-532-001: 1 (5.0%); PRJ-33-480-002: 1 (5.0%); PRJ-28-358-003: 1 (5.0%); PRJ-34-533-004: 1 (5.0%); and 16 other distinct values,PRJ-01-326-005 | PRJ-06-079-006 | PRJ-06-078-008 | PRJ-34-533-004,"Candidate Primary Key (100% unique, 0% null)"
projects.csv,3,project_title,STRING,20,20,0,0.0,20,100.0,0,Community RO Plant,Piped Water Supply Pipeline Extension to SC Habitation,,,,Community RO Plant: 1 (5.0%); Additional Classrooms in Govt High School: 1 (5.0%); Primary Health Centre Sub-centre Upgradation: 1 (5.0%); Community Sanitary Complex with Solar Power: 1 (5.0%); and 16 other distinct values,Dialysis Unit Infrastructure at Sub-District Hospital | Multipurpose Community Hall for Village Panchayat | Community Sanitary Complex with Solar Power | Advanced Life Support (ALS) Ambulance Provision,"Candidate Primary Key (100% unique, 0% null)"
projects.csv,4,project_description,STRING,20,20,0,0.0,20,100.0,0,Community RO Plant in Maldaha Uttar Parliamentary Constituency.,Piped Water Supply Pipeline Extension to SC Habitation in Joynagar Parliamentary Constituency.,,,,Community RO Plant in Maldaha Uttar Parliamentary Constituency.: 1 (5.0%); Additional Classrooms in Govt High School in Sambhal Parliamentary Constituency.: 1 (5.0%); Primary Health Centre Sub-centre Upgradation in Pali Parliamentary Constituency.: 1 (5.0%); Community Sanitary Complex with Solar Power in Medinipur Parliamentary Constituency.: 1 (5.0%); and 16 other distinct values,Additional Classrooms in Govt High School in Sambhal Parliamentary Constituency. | Community Sanitary Complex with Solar Power in Medinipur Parliamentary Constituency. | Installation of 50 Solar High Mast LED Lights in Paschim Champaran Parliamentary Constituency. | Primary Health Centre Sub-centre Upgradation in Pali Parliamentary Constituency.,"Candidate Primary Key (100% unique, 0% null)"
projects.csv,5,sector,STRING,20,20,0,0.0,8,40.0,12,Health,Community Infrastructure,,,,Drinking Water: 4 (20.0%); Education: 3 (15.0%); Health: 3 (15.0%); Sanitation: 3 (15.0%); and 4 other distinct values,Community Infrastructure | Irrigation | Electricity | Health,No quality anomalies detected (Clean)
projects.csv,6,sub_sector,STRING,20,20,0,0.0,8,40.0,12,Health,Community Infrastructure,,,,Drinking Water: 4 (20.0%); Education: 3 (15.0%); Health: 3 (15.0%); Sanitation: 3 (15.0%); and 4 other distinct values,Community Infrastructure | Irrigation | Electricity | Health,No quality anomalies detected (Clean)
projects.csv,7,state_id,INTEGER,20,20,0,0.0,11,55.0,9,1,36,20.80,23.00,13.09,Min: 1 | Q1: 6.00 | Med: 23.00 | Q3: 33.25 | Max: 36,34 | 33 | 14 | 36,No quality anomalies detected (Clean)
projects.csv,8,constituency_id,INTEGER,20,20,0,0.0,20,100.0,0,8,533,284.10,263.00,188.98,Min: 8 | Q1: 84.25 | Med: 263.00 | Q3: 482.50 | Max: 533,532 | 516 | 74 | 431,"Candidate Primary Key (100% unique, 0% null)"
projects.csv,9,district_name,STRING,20,20,0,0.0,20,100.0,0,Durg District,Paschim Champaran District,,,,Maldaha Uttar District: 1 (5.0%); Sambhal District: 1 (5.0%); Pali District: 1 (5.0%); Medinipur District: 1 (5.0%); and 16 other distinct values,Bapatla District | Maldaha Uttar District | Sambhal District | Medinipur District,"Candidate Primary Key (100% unique, 0% null)"
projects.csv,10,block_name,STRING,20,20,0,0.0,20,100.0,0,Durg Block,Paschim Champaran Block,,,,Maldaha Uttar Block: 1 (5.0%); Sambhal Block: 1 (5.0%); Pali Block: 1 (5.0%); Medinipur Block: 1 (5.0%); and 16 other distinct values,Durg Block | Joynagar Block | Rae Bareli Block | Paschim Champaran Block,"Candidate Primary Key (100% unique, 0% null)"
projects.csv,11,implementing_agency,STRING,20,20,0,0.0,1,5.0,19,District Rural Development Agency (DRDA),District Rural Development Agency (DRDA),,,,District Rural Development Agency (DRDA): 20 (100.0%),District Rural Development Agency (DRDA),Single unique value across all rows
projects.csv,12,mp_name,STRING,20,20,0,0.0,20,100.0,0,Hon MP of Durg,Hon MP of Paschim Champaran,,,,Hon MP of Maldaha Uttar: 1 (5.0%); Hon MP of Sambhal: 1 (5.0%); Hon MP of Pali: 1 (5.0%); Hon MP of Medinipur: 1 (5.0%); and 16 other distinct values,Hon MP of Chalakudy | Hon MP of Gorakhpur | Hon MP of Sambhal | Hon MP of Darbhanga,"Candidate Primary Key (100% unique, 0% null)"
projects.csv,13,house_of_parliament,STRING,20,20,0,0.0,1,5.0,19,Lok Sabha,Lok Sabha,,,,Lok Sabha: 20 (100.0%),Lok Sabha,Single unique value across all rows
projects.csv,14,financial_year,STRING,20,20,0,0.0,1,5.0,19,2024-25,2024-25,,,,2024-25: 20 (100.0%),2024-25,Single unique value across all rows
projects.csv,15,current_status,STRING,20,20,0,0.0,4,20.0,16,Stalled,Work Order Issued,,,,Completed: 8 (40.0%); In Progress: 8 (40.0%); Stalled: 2 (10.0%); Work Order Issued: 2 (10.0%),Work Order Issued | Stalled | Completed | In Progress,No quality anomalies detected (Clean)
projects.csv,16,recommendation_date,DATE,20,20,0,0.0,20,100.0,0,2024-06-02,2024-07-25,,,,2024-06-15: 1 (5.0%); 2024-06-20: 1 (5.0%); 2024-07-01: 1 (5.0%); 2024-06-10: 1 (5.0%); and 16 other distinct values,2024-06-14 | 2024-06-22 | 2024-06-25 | 2024-06-02,"Candidate Primary Key (100% unique, 0% null)"
projects.csv,17,sanction_date,DATE,20,20,0,0.0,19,95.0,1,2024-06-28,2024-09-05,,,,2024-07-10: 2 (10.0%); 2024-08-01: 1 (5.0%); 2024-08-15: 1 (5.0%); 2024-06-28: 1 (5.0%); and 15 other distinct values,2024-08-15 | 2024-07-16 | 2024-08-25 | 2024-08-01,No quality anomalies detected (Clean)
projects.csv,18,work_order_date,DATE,20,20,0,0.0,20,100.0,0,2024-07-10,2024-09-28,,,,2024-07-25: 1 (5.0%); 2024-08-20: 1 (5.0%); 2024-09-05: 1 (5.0%); 2024-07-15: 1 (5.0%); and 16 other distinct values,2024-09-15 | 2024-08-01 | 2024-09-12 | 2024-08-28,"Candidate Primary Key (100% unique, 0% null)"
projects.csv,19,expected_completion_date,DATE,20,20,0,0.0,18,90.0,2,2024-08-30,2025-05-31,,,,2025-03-31: 2 (10.0%); 2025-02-28: 2 (10.0%); 2024-11-30: 1 (5.0%); 2025-01-31: 1 (5.0%); and 14 other distinct values,2024-11-15 | 2025-04-30 | 2024-08-30 | 2024-09-30,No quality anomalies detected (Clean)
projects.csv,20,actual_completion_date,DATE,20,8,12,60.0,8,100.0,0,2024-08-28,2024-11-20,,,,2024-11-20: 1 (12.5%); 2024-10-10: 1 (12.5%); 2024-09-25: 1 (12.5%); 2024-08-28: 1 (12.5%); and 4 other distinct values,2024-08-28 | 2024-11-10 | 2024-10-25 | 2024-11-20,Critical missingness (>50% null: 60.0%)
risk_factors.csv,1,risk_score_id,INTEGER,22,22,0,0.0,20,90.91,2,1,20,10.59,10.50,5.84,Min: 1 | Q1: 5.25 | Med: 10.50 | Q3: 15.75 | Max: 20,3 | 5 | 10 | 15,No quality anomalies detected (Clean)
risk_factors.csv,2,project_id,STRING,22,22,0,0.0,20,90.91,2,MPLADS-2024-0001,MPLADS-2024-0020,,,,MPLADS-2024-0005: 2 (9.1%); MPLADS-2024-0018: 2 (9.1%); MPLADS-2024-0001: 1 (4.5%); MPLADS-2024-0002: 1 (4.5%); and 16 other distinct values,MPLADS-2024-0009 | MPLADS-2024-0020 | MPLADS-2024-0001 | MPLADS-2024-0005,No quality anomalies detected (Clean)
risk_factors.csv,3,factor_category,STRING,22,22,0,0.0,4,18.18,18,Delay in Tendering,Agency Past Performance,,,,Agency Past Performance: 16 (72.7%); Contractor Inaction: 2 (9.1%); Monsoon Seasonality: 2 (9.1%); Delay in Tendering: 2 (9.1%),Contractor Inaction | Agency Past Performance | Delay in Tendering | Monsoon Seasonality,No quality anomalies detected (Clean)
risk_factors.csv,4,factor_name,STRING,22,22,0,0.0,4,18.18,18,Prolonged Technical Evaluation Window,Experienced DRDA Division with Strong Completion Track Record,,,,Experienced DRDA Division with Strong Completion Track Record: 16 (72.7%); Contractor Default on Foundation Milestone: 2 (9.1%); Heavy Seasonal Waterlogging in Excavation Pit: 2 (9.1%); Prolonged Technical Evaluation Window: 2 (9.1%),Prolonged Technical Evaluation Window | Heavy Seasonal Waterlogging in Excavation Pit | Experienced DRDA Division with Strong Completion Track Record | Contractor Default on Foundation Milestone,No quality anomalies detected (Clean)
risk_factors.csv,5,factor_weight,FLOAT,22,22,0,0.0,4,18.18,18,0.10,0.45,0.17,0.10,0.12,Min: 0.10 | Q1: 0.10 | Med: 0.10 | Q3: 0.21 | Max: 0.45,0.45 | 0.1 | 0.25 | 0.35,No quality anomalies detected (Clean)
risk_factors.csv,6,factor_impact,STRING,22,22,0,0.0,3,13.64,19,Low,Critical,,,,Low: 16 (72.7%); Medium: 4 (18.2%); Critical: 2 (9.1%),Low | Medium | Critical,No quality anomalies detected (Clean)
risk_factors.csv,7,mitigation_recommendation,STRING,22,22,0,0.0,4,18.18,18,Maintain standard monthly progress reviews.,Issue final contractual show-cause notice and invoke bank guarantee if unresponsive within 14 days.,,,,Maintain standard monthly progress reviews.: 16 (72.7%); Issue final contractual show-cause notice and invoke bank guarantee if unresponsive within 14 days.: 2 (9.1%); Deploy high-capacity dewatering pumps and construct diversion channel.: 2 (9.1%); Expedite site handover and advance mobilization to contractor.: 2 (9.1%),Expedite site handover and advance mobilization to contractor. | Issue final contractual show-cause notice and invoke bank guarantee if unresponsive within 14 days. | Deploy high-capacity dewatering pumps and construct diversion channel. | Maintain standard monthly progress reviews.,No quality anomalies detected (Clean)
risk_factors.csv,8,is_mitigated,STRING,22,22,0,0.0,2,9.09,20,True,False,,,,True: 18 (81.8%); False: 4 (18.2%),True | False,No quality anomalies detected (Clean)
risk_scores.csv,1,risk_score_id,INTEGER,20,20,0,0.0,20,100.0,0,1,20,10.50,10.50,5.77,Min: 1 | Q1: 5.75 | Med: 10.50 | Q3: 15.25 | Max: 20,3 | 5 | 10 | 15,"Candidate Primary Key (100% unique, 0% null)"
risk_scores.csv,2,project_id,STRING,20,20,0,0.0,20,100.0,0,MPLADS-2024-0001,MPLADS-2024-0020,,,,MPLADS-2024-0001: 1 (5.0%); MPLADS-2024-0002: 1 (5.0%); MPLADS-2024-0003: 1 (5.0%); MPLADS-2024-0004: 1 (5.0%); and 16 other distinct values,MPLADS-2024-0009 | MPLADS-2024-0020 | MPLADS-2024-0001 | MPLADS-2024-0005,"Candidate Primary Key (100% unique, 0% null)"
risk_scores.csv,3,overall_risk_score,FLOAT,20,20,0,0.0,4,20.0,16,5.00,78.50,25.25,28.00,21.88,Min: 5.00 | Q1: 5.00 | Med: 28.00 | Q3: 28.00 | Max: 78.50,28.0 | 5.0 | 42.0 | 78.5,No quality anomalies detected (Clean)
risk_scores.csv,4,delay_risk_score,FLOAT,20,20,0,0.0,4,20.0,16,0.00,85.00,23.00,25.00,25.42,Min: 0.00 | Q1: 0.00 | Med: 25.00 | Q3: 25.00 | Max: 85.00,25.0 | 85.0 | 45.0 | 0.0,No quality anomalies detected (Clean)
risk_scores.csv,5,cost_overrun_risk_score,FLOAT,20,20,0,0.0,4,20.0,16,0.00,65.00,17.50,20.00,19.14,Min: 0.00 | Q1: 0.00 | Med: 20.00 | Q3: 20.00 | Max: 65.00,65.0 | 20.0 | 30.0 | 0.0,No quality anomalies detected (Clean)
risk_scores.csv,6,non_completion_risk_score,FLOAT,20,20,0,0.0,4,20.0,16,0.00,72.00,15.70,15.00,20.60,Min: 0.00 | Q1: 0.00 | Med: 15.00 | Q3: 15.00 | Max: 72.00,15.0 | 25.0 | 72.0 | 0.0,No quality anomalies detected (Clean)
risk_scores.csv,7,leakage_risk_score,FLOAT,20,20,0,0.0,4,20.0,16,5.00,25.00,10.00,10.00,5.92,Min: 5.00 | Q1: 5.00 | Med: 10.00 | Q3: 10.00 | Max: 25.00,15.0 | 25.0 | 5.0 | 10.0,No quality anomalies detected (Clean)
risk_scores.csv,8,risk_level,STRING,20,20,0,0.0,3,15.0,17,Low,Moderate,,,,Low: 16 (80.0%); High: 2 (10.0%); Moderate: 2 (10.0%),Low | High | Moderate,No quality anomalies detected (Clean)
risk_scores.csv,9,confidence_score,FLOAT,20,20,0,0.0,1,5.0,19,0.92,0.92,0.92,0.92,0.00,Min: 0.92 | Q1: 0.92 | Med: 0.92 | Q3: 0.92 | Max: 0.92,0.92,Constant column (zero variance); Single unique value across all rows
risk_scores.csv,10,assessment_date,DATE,20,20,0,0.0,1,5.0,19,2024-11-15,2024-11-15,,,,2024-11-15: 20 (100.0%),2024-11-15,Single unique value across all rows
risk_scores.csv,11,model_version,STRING,20,20,0,0.0,1,5.0,19,v1.0,v1.0,,,,v1.0: 20 (100.0%),v1.0,Single unique value across all rows
union_budget_mplads_1993_2025.csv,1,financial_year,STRING,33,33,0,0.0,33,100.0,0,1993-94,2025-26,,,,1993-94: 1 (3.0%); 1994-95: 1 (3.0%); 1995-96: 1 (3.0%); 1996-97: 1 (3.0%); and 29 other distinct values,2015-16 | 1993-94 | 2004-05 | 2005-06,"Candidate Primary Key (100% unique, 0% null)"
union_budget_mplads_1993_2025.csv,2,entitlement_per_mp_cr,FLOAT,33,33,0,0.0,5,15.15,28,0.00,5.00,2.94,2.00,1.74,Min: 0.00 | Q1: 2.00 | Med: 2.00 | Q3: 5.00 | Max: 5.00,0.0 | 5.0 | 2.0 | 0.05,No quality anomalies detected (Clean)
union_budget_mplads_1993_2025.csv,3,budget_estimate_cr,FLOAT,33,33,0,0.0,5,15.15,28,200.00,3965.00,2329.09,1580.00,1351.70,Min: 200.00 | Q1: 1580.00 | Med: 1580.00 | Q3: 3950.00 | Max: 3965.00,200.0 | 1580.0 | 3950.0 | 790.0,No quality anomalies detected (Clean)
union_budget_mplads_1993_2025.csv,4,revised_estimate_cr,FLOAT,33,32,1,3.03,20,62.5,12,100.00,3950.00,2143.91,1590.00,1249.73,Min: 100.00 | Q1: 1370.00 | Med: 1590.00 | Q3: 3500.00 | Max: 3950.00,2080.0 | 2492.0 | 100.0 | 1600.0,No quality anomalies detected (Clean)
union_budget_mplads_1993_2025.csv,5,actual_expenditure_cr,FLOAT,33,32,1,3.03,32,100.0,0,99.40,3949.50,2131.18,1590.00,1240.48,Min: 99.40 | Q1: 1370.00 | Med: 1590.00 | Q3: 3491.15 | Max: 3949.50,3949.5 | 2080.0 | 3949.0 | 3894.0,No quality anomalies detected (Clean)
union_budget_mplads_1993_2025.csv,6,be_vs_actual_variance_cr,FLOAT,33,32,1,3.03,31,96.88,1,-3865.60,1370.00,-147.26,-20.50,816.97,Min: -3865.60 | Q1: -134.54 | Med: -20.50 | Q3: -0.50 | Max: 1370.00,-4.5 | 0.0 | 20.0 | -635.5,No quality anomalies detected (Clean)
union_budget_mplads_1993_2025.csv,7,major_head,INTEGER,33,33,0,0.0,1,3.03,32,3475,3475,3475.00,3475.00,0.00,Min: 3475 | Q1: 3475.00 | Med: 3475.00 | Q3: 3475.00 | Max: 3475,3475,Constant column (zero variance); Single unique value across all rows
union_budget_mplads_1993_2025.csv,8,status_notes,STRING,33,33,0,0.0,11,33.33,22,Implemented,e-SAKSHI & CNA Reform Operational,,,,Implemented: 23 (69.7%); Inception Year (Dec 1993): 1 (3.0%); Entitlement raised to 2 Cr: 1 (3.0%); Entitlement raised to 5 Cr: 1 (3.0%); and 7 other distinct values,Suspended for COVID-19 relief | Implemented | Entitlement raised to 2 Cr | Budget Estimate (Target),No quality anomalies detected (Clean)
